{
    "NAME_KEY":             "MULTITENANCY.GBHU.PHU_NAME",
    "PHONE_KEY":            "MULTITENANCY.GBHU.PHU_PHONE",
    "EMAIL_KEY":            "MULTITENANCY.GBHU.PHU_EMAIL",
    "CONTACT_PERSON_KEY":   "MULTITENANCY.GBHU.PHU_CONTACT_PERSON",
    "ADDRESS_KEY":          "MULTITENANCY.GBHU.PHU_ADDRESS",
    "RESPONSE_TIME_KEY":    "MULTITENANCY.GBHU.PHU_RESPONSE_TIME",
    "PRIVACY_LINK_KEY":     "MULTITENANCY.GBHU.PHU_PRIVACY_LINK",
    "TOC_LINK_KEY":         "MULTITENANCY.GBHU.PHU_TOC_LINK",
    "ICON_PHU_ACRONYM":     "gbhu",
    "PHIX_PHU_NAME":        "Grey Bruce Health Unit",
    "PHIX_PHU_CODE":        "6",
    "WEBSITE_KEY":          "MULTITENANCY.GBHU.PHU_WEBSITE"
}
