{
    "NAME_KEY":             "MULTITENANCY.DEFAULT.PHU_NAME",
    "PHONE_KEY":            "MULTITENANCY.DEFAULT.PHU_PHONE",
    "EMAIL_KEY":            "MULTITENANCY.DEFAULT.PHU_EMAIL",
    "CONTACT_PERSON_KEY":   "MULTITENANCY.DEFAULT.PHU_CONTACT_PERSON",
    "ADDRESS_KEY":          "MULTITENANCY.DEFAULT.PHU_ADDRESS",
    "RESPONSE_TIME_KEY":    "MULTITENANCY.DEFAULT.PHU_RESPONSE_TIME",
    "PRIVACY_LINK_KEY":     "MULTITENANCY.DEFAULT.PHU_PRIVACY_LINK",
    "TOC_LINK_KEY":         "MULTITENANCY.DEFAULT.PHU_TOC_LINK",
    "ICON_PHU_ACRONYM":     "XXSUPPORTPHU1",
    "PHIX_PHU_NAME":        "XXSupportPHU1",
    "PHIX_PHU_CODE":        "8871"
}
