{
    "NAME_KEY":             "MULTITENANCY.HPH.PHU_NAME",
    "PHONE_KEY":            "MULTITENANCY.HPH.PHU_PHONE",
    "EMAIL_KEY":            "MULTITENANCY.HPH.PHU_EMAIL",
    "CONTACT_PERSON_KEY":   "MULTITENANCY.HPH.PHU_CONTACT_PERSON",
    "ADDRESS_KEY":          "MULTITENANCY.HPH.PHU_ADDRESS",
    "RESPONSE_TIME_KEY":    "MULTITENANCY.HPH.PHU_RESPONSE_TIME",
    "PRIVACY_LINK_KEY":     "MULTITENANCY.HPH.PHU_PRIVACY_LINK",
    "TOC_LINK_KEY":         "MULTITENANCY.HPH.PHU_TOC_LINK",
    "ICON_PHU_ACRONYM":     "hph",
    "PHIX_PHU_NAME":        "Hamilton Public Health & Social Services",
    "PHIX_PHU_CODE":        "20",
    "WEBSITE_KEY":          "MULTITENANCY.HPH.PHU_WEBSITE"
}
