{
    "NAME_KEY":             "MULTITENANCY.KFLA.PHU_NAME",
    "PHONE_KEY":            "MULTITENANCY.KFLA.PHU_PHONE",
    "EMAIL_KEY":            "MULTITENANCY.KFLA.PHU_EMAIL",
    "CONTACT_PERSON_KEY":   "MULTITENANCY.KFLA.PHU_CONTACT_PERSON",
    "ADDRESS_KEY":          "MULTITENANCY.KFLA.PHU_ADDRESS",
    "RESPONSE_TIME_KEY":    "MULTITENANCY.KFLA.PHU_RESPONSE_TIME",
    "PRIVACY_LINK_KEY":     "MULTITENANCY.KFLA.PHU_PRIVACY_LINK",
    "TOC_LINK_KEY":         "MULTITENANCY.KFLA.PHU_TOC_LINK",
    "ICON_PHU_ACRONYM":     "kfla",
    "PHIX_PHU_NAME":        "Kingston, Frontenac and Lennox & Addington Public Health",
    "PHIX_PHU_CODE":        "22",
    "WEBSITE_KEY":          "MULTITENANCY.KFLA.PHU_WEBSITE"
}
