{
    "NAME_KEY":             "MULTITENANCY.NRPH.PHU_NAME",
    "PHONE_KEY":            "MULTITENANCY.NRPH.PHU_PHONE",
    "EMAIL_KEY":            "MULTITENANCY.NRPH.PHU_EMAIL",
    "CONTACT_PERSON_KEY":   "MULTITENANCY.NRPH.PHU_CONTACT_PERSON",
    "ADDRESS_KEY":          "MULTITENANCY.NRPH.PHU_ADDRESS",
    "RESPONSE_TIME_KEY":    "MULTITENANCY.NRPH.PHU_RESPONSE_TIME",
    "PRIVACY_LINK_KEY":     "MULTITENANCY.NRPH.PHU_PRIVACY_LINK",
    "TOC_LINK_KEY":         "MULTITENANCY.NRPH.PHU_TOC_LINK",
    "ICON_PHU_ACRONYM":     "nrph",
    "PHIX_PHU_NAME":        "Niagara Region Public Health Department",
    "PHIX_PHU_CODE":        "41",
    "WEBSITE_KEY":          "MULTITENANCY.NRPH.PHU_WEBSITE"
}
