{
    "NAME_KEY":             "MULTITENANCY.TPH.PHU_NAME",
    "PHONE_KEY":            "MULTITENANCY.TPH.PHU_PHONE",
    "EMAIL_KEY":            "MULTITENANCY.TPH.PHU_EMAIL",
    "CONTACT_PERSON_KEY":   "MULTITENANCY.TPH.PHU_CONTACT_PERSON",
    "ADDRESS_KEY":          "MULTITENANCY.TPH.PHU_ADDRESS",
    "RESPONSE_TIME_KEY":    "MULTITENANCY.TPH.PHU_RESPONSE_TIME",
    "PRIVACY_LINK_KEY":     "MULTITENANCY.TPH.PHU_PRIVACY_LINK",
    "TOC_LINK_KEY":         "MULTITENANCY.TPH.PHU_TOC_LINK",
    "ICON_PHU_ACRONYM":     "tph",
    "PHIX_PHU_NAME":        "Toronto Public Health",
    "PHIX_PHU_CODE":        "55",
    "WEBSITE_KEY":          "MULTITENANCY.TPH.PHU_WEBSITE"
}
