{
    "NAME_KEY":             "MULTITENANCY.NWHU.PHU_NAME",
    "PHONE_KEY":            "MULTITENANCY.NWHU.PHU_PHONE",
    "EMAIL_KEY":            "MULTITENANCY.NWHU.PHU_EMAIL",
    "CONTACT_PERSON_KEY":   "MULTITENANCY.NWHU.PHU_CONTACT_PERSON",
    "ADDRESS_KEY":          "MULTITENANCY.NWHU.PHU_ADDRESS",
    "RESPONSE_TIME_KEY":    "MULTITENANCY.NWHU.PHU_RESPONSE_TIME",
    "PRIVACY_LINK_KEY":     "MULTITENANCY.NWHU.PHU_PRIVACY_LINK",
    "TOC_LINK_KEY":         "MULTITENANCY.NWHU.PHU_TOC_LINK",
    "ICON_PHU_ACRONYM":     "nwhu",
    "PHIX_PHU_NAME":        "Northwestern Health Unit",
    "PHIX_PHU_CODE":        "21",
    "WEBSITE_KEY":          "MULTITENANCY.NWHU.PHU_WEBSITE"
}
